trial_index,trial_dir,status,best_val_ccc_loss,final_test_rmse,final_test_mae,final_test_mape,final_test_pearson_r,final_test_r2,best_epoch,epochs_completed,training_overrides,model_overrides,error
16,E:\2024liushaoxuan\learn\shiyan1\data\output_xsw\hpo\auto2_ablation_no_sentiment\m10_autoformer_optuna_ablation_no_sentiment_xsw_20260414_203058\trial_016,success,0.16591525186086073,1503.3391784581906,877.7363444553503,69.36305149170822,0.9158380230607253,0.4238128824745421,39.0,59.0,"{""LEARNING_RATE"": 0.0017797930222400859, ""WEIGHT_DECAY"": 1.923593628009546e-06, ""BATCH_SIZE"": 64, ""PEAK_SIGMA"": 1.0, ""PEAK_PENALTY_WEIGHT"": 8.0, ""LOSS_WEIGHT_PEAK_MSE"": 0.05, ""TEMP_START"": 1.0, ""MAX_GRAD_NORM"": 0.5, ""TEMP_END"": 0.5, ""NUM_EPOCHS"": 150, ""PATIENCE"": 20, ""SAVE_INTERVAL"": 999999, ""SAVE_DIR"": ""E:\\2024liushaoxuan\\learn\\shiyan1\\data\\output_xsw\\hpo\\auto2_ablation_no_sentiment\\m10_autoformer_optuna_ablation_no_sentiment_xsw_20260414_203058\\trial_016"", ""RUN_NAME"": ""autoformer_optuna_trial_016"", ""EXPERIMENT_LOG_CSV"": ""E:\\2024liushaoxuan\\learn\\shiyan1\\data\\output_xsw\\hpo\\auto2_ablation_no_sentiment\\m10_autoformer_optuna_ablation_no_sentiment_xsw_20260414_203058\\optuna_experiment_results.csv""}","{""dropout"": 0.05, ""d_model"": 64, ""dim_feedforward"": 512, ""activation"": ""relu"", ""num_encoder_layers"": 2, ""num_decoder_layers"": 2, ""moving_avg_kernel"": 13, ""autocorrelation_factor"": 1, ""nhead"": 8, ""ablation_mode"": ""no_sentiment""}",
31,E:\2024liushaoxuan\learn\shiyan1\data\output_xsw\hpo\auto2_ablation_no_sentiment\m10_autoformer_optuna_ablation_no_sentiment_xsw_20260414_203058\trial_031,success,0.1676394152455032,1691.5291287149025,967.2599467403462,74.48993541826749,0.9117168919975496,0.2705281214204529,36.0,56.0,"{""LEARNING_RATE"": 0.001355280115985384, ""WEIGHT_DECAY"": 1.551815639701975e-06, ""BATCH_SIZE"": 64, ""PEAK_SIGMA"": 1.0, ""PEAK_PENALTY_WEIGHT"": 5.0, ""LOSS_WEIGHT_PEAK_MSE"": 0.2, ""TEMP_START"": 3.0, ""MAX_GRAD_NORM"": 0.5, ""TEMP_END"": 0.45, ""NUM_EPOCHS"": 150, ""PATIENCE"": 20, ""SAVE_INTERVAL"": 999999, ""SAVE_DIR"": ""E:\\2024liushaoxuan\\learn\\shiyan1\\data\\output_xsw\\hpo\\auto2_ablation_no_sentiment\\m10_autoformer_optuna_ablation_no_sentiment_xsw_20260414_203058\\trial_031"", ""RUN_NAME"": ""autoformer_optuna_trial_031"", ""EXPERIMENT_LOG_CSV"": ""E:\\2024liushaoxuan\\learn\\shiyan1\\data\\output_xsw\\hpo\\auto2_ablation_no_sentiment\\m10_autoformer_optuna_ablation_no_sentiment_xsw_20260414_203058\\optuna_experiment_results.csv""}","{""dropout"": 0.05, ""d_model"": 64, ""dim_feedforward"": 512, ""activation"": ""relu"", ""num_encoder_layers"": 2, ""num_decoder_layers"": 2, ""moving_avg_kernel"": 13, ""autocorrelation_factor"": 1, ""nhead"": 8, ""ablation_mode"": ""no_sentiment""}",
42,E:\2024liushaoxuan\learn\shiyan1\data\output_xsw\hpo\auto2_ablation_no_sentiment\m10_autoformer_optuna_ablation_no_sentiment_xsw_20260414_203058\trial_042,success,0.16823480129241944,1453.220630298197,802.0741852308257,68.11326845586152,0.9145121445326295,0.46159051547258567,57.0,77.0,"{""LEARNING_RATE"": 0.0016934286281656127, ""WEIGHT_DECAY"": 1.144080609716023e-06, ""BATCH_SIZE"": 64, ""PEAK_SIGMA"": 1.0, ""PEAK_PENALTY_WEIGHT"": 5.0, ""LOSS_WEIGHT_PEAK_MSE"": 0.2, ""TEMP_START"": 3.0, ""MAX_GRAD_NORM"": 0.5, ""TEMP_END"": 0.45, ""NUM_EPOCHS"": 150, ""PATIENCE"": 20, ""SAVE_INTERVAL"": 999999, ""SAVE_DIR"": ""E:\\2024liushaoxuan\\learn\\shiyan1\\data\\output_xsw\\hpo\\auto2_ablation_no_sentiment\\m10_autoformer_optuna_ablation_no_sentiment_xsw_20260414_203058\\trial_042"", ""RUN_NAME"": ""autoformer_optuna_trial_042"", ""EXPERIMENT_LOG_CSV"": ""E:\\2024liushaoxuan\\learn\\shiyan1\\data\\output_xsw\\hpo\\auto2_ablation_no_sentiment\\m10_autoformer_optuna_ablation_no_sentiment_xsw_20260414_203058\\optuna_experiment_results.csv""}","{""dropout"": 0.05, ""d_model"": 64, ""dim_feedforward"": 512, ""activation"": ""relu"", ""num_encoder_layers"": 2, ""num_decoder_layers"": 2, ""moving_avg_kernel"": 13, ""autocorrelation_factor"": 1, ""nhead"": 8, ""ablation_mode"": ""no_sentiment""}",
23,E:\2024liushaoxuan\learn\shiyan1\data\output_xsw\hpo\auto2_ablation_no_sentiment\m10_autoformer_optuna_ablation_no_sentiment_xsw_20260414_203058\trial_023,success,0.16915098074823617,2192.8498544938316,1315.7954807723947,96.72364318205082,0.8999303451118071,-0.225934833629158,49.0,69.0,"{""LEARNING_RATE"": 0.0008246756691707078, ""WEIGHT_DECAY"": 2.0973485461806386e-06, ""BATCH_SIZE"": 64, ""PEAK_SIGMA"": 1.0, ""PEAK_PENALTY_WEIGHT"": 5.0, ""LOSS_WEIGHT_PEAK_MSE"": 0.2, ""TEMP_START"": 3.0, ""MAX_GRAD_NORM"": 0.5, ""TEMP_END"": 0.45, ""NUM_EPOCHS"": 150, ""PATIENCE"": 20, ""SAVE_INTERVAL"": 999999, ""SAVE_DIR"": ""E:\\2024liushaoxuan\\learn\\shiyan1\\data\\output_xsw\\hpo\\auto2_ablation_no_sentiment\\m10_autoformer_optuna_ablation_no_sentiment_xsw_20260414_203058\\trial_023"", ""RUN_NAME"": ""autoformer_optuna_trial_023"", ""EXPERIMENT_LOG_CSV"": ""E:\\2024liushaoxuan\\learn\\shiyan1\\data\\output_xsw\\hpo\\auto2_ablation_no_sentiment\\m10_autoformer_optuna_ablation_no_sentiment_xsw_20260414_203058\\optuna_experiment_results.csv""}","{""dropout"": 0.05, ""d_model"": 64, ""dim_feedforward"": 512, ""activation"": ""relu"", ""num_encoder_layers"": 2, ""num_decoder_layers"": 2, ""moving_avg_kernel"": 13, ""autocorrelation_factor"": 1, ""nhead"": 8, ""ablation_mode"": ""no_sentiment""}",
20,E:\2024liushaoxuan\learn\shiyan1\data\output_xsw\hpo\auto2_ablation_no_sentiment\m10_autoformer_optuna_ablation_no_sentiment_xsw_20260414_203058\trial_020,success,0.17009391998872161,1732.7774080281838,1006.1095074440182,76.76359548690816,0.89999752123019,0.23451771159912216,40.0,60.0,"{""LEARNING_RATE"": 0.0014896252115138753, ""WEIGHT_DECAY"": 1.9643117180734203e-06, ""BATCH_SIZE"": 64, ""PEAK_SIGMA"": 1.0, ""PEAK_PENALTY_WEIGHT"": 5.0, ""LOSS_WEIGHT_PEAK_MSE"": 0.2, ""TEMP_START"": 3.0, ""MAX_GRAD_NORM"": 0.5, ""TEMP_END"": 0.45, ""NUM_EPOCHS"": 150, ""PATIENCE"": 20, ""SAVE_INTERVAL"": 999999, ""SAVE_DIR"": ""E:\\2024liushaoxuan\\learn\\shiyan1\\data\\output_xsw\\hpo\\auto2_ablation_no_sentiment\\m10_autoformer_optuna_ablation_no_sentiment_xsw_20260414_203058\\trial_020"", ""RUN_NAME"": ""autoformer_optuna_trial_020"", ""EXPERIMENT_LOG_CSV"": ""E:\\2024liushaoxuan\\learn\\shiyan1\\data\\output_xsw\\hpo\\auto2_ablation_no_sentiment\\m10_autoformer_optuna_ablation_no_sentiment_xsw_20260414_203058\\optuna_experiment_results.csv""}","{""dropout"": 0.05, ""d_model"": 64, ""dim_feedforward"": 512, ""activation"": ""relu"", ""num_encoder_layers"": 2, ""num_decoder_layers"": 2, ""moving_avg_kernel"": 13, ""autocorrelation_factor"": 1, ""nhead"": 8, ""ablation_mode"": ""no_sentiment""}",
22,E:\2024liushaoxuan\learn\shiyan1\data\output_xsw\hpo\auto2_ablation_no_sentiment\m10_autoformer_optuna_ablation_no_sentiment_xsw_20260414_203058\trial_022,success,0.17143461853265762,2323.8645565012903,1450.5579663893247,90.35520466731309,0.9133680999672406,-0.37680113981785857,32.0,52.0,"{""LEARNING_RATE"": 0.0014135703764753052, ""WEIGHT_DECAY"": 1.538060511235436e-06, ""BATCH_SIZE"": 64, ""PEAK_SIGMA"": 1.0, ""PEAK_PENALTY_WEIGHT"": 5.0, ""LOSS_WEIGHT_PEAK_MSE"": 0.2, ""TEMP_START"": 3.0, ""MAX_GRAD_NORM"": 0.5, ""TEMP_END"": 0.45, ""NUM_EPOCHS"": 150, ""PATIENCE"": 20, ""SAVE_INTERVAL"": 999999, ""SAVE_DIR"": ""E:\\2024liushaoxuan\\learn\\shiyan1\\data\\output_xsw\\hpo\\auto2_ablation_no_sentiment\\m10_autoformer_optuna_ablation_no_sentiment_xsw_20260414_203058\\trial_022"", ""RUN_NAME"": ""autoformer_optuna_trial_022"", ""EXPERIMENT_LOG_CSV"": ""E:\\2024liushaoxuan\\learn\\shiyan1\\data\\output_xsw\\hpo\\auto2_ablation_no_sentiment\\m10_autoformer_optuna_ablation_no_sentiment_xsw_20260414_203058\\optuna_experiment_results.csv""}","{""dropout"": 0.05, ""d_model"": 64, ""dim_feedforward"": 512, ""activation"": ""relu"", ""num_encoder_layers"": 2, ""num_decoder_layers"": 2, ""moving_avg_kernel"": 13, ""autocorrelation_factor"": 1, ""nhead"": 8, ""ablation_mode"": ""no_sentiment""}",
21,E:\2024liushaoxuan\learn\shiyan1\data\output_xsw\hpo\auto2_ablation_no_sentiment\m10_autoformer_optuna_ablation_no_sentiment_xsw_20260414_203058\trial_021,success,0.1718789785169065,1799.7163700589092,1145.5814357039792,84.56470083505467,0.913250304809956,0.17423261350046082,39.0,59.0,"{""LEARNING_RATE"": 0.0015016133119382354, ""WEIGHT_DECAY"": 1.6994838429148138e-06, ""BATCH_SIZE"": 64, ""PEAK_SIGMA"": 1.0, ""PEAK_PENALTY_WEIGHT"": 5.0, ""LOSS_WEIGHT_PEAK_MSE"": 0.2, ""TEMP_START"": 3.0, ""MAX_GRAD_NORM"": 0.5, ""TEMP_END"": 0.45, ""NUM_EPOCHS"": 150, ""PATIENCE"": 20, ""SAVE_INTERVAL"": 999999, ""SAVE_DIR"": ""E:\\2024liushaoxuan\\learn\\shiyan1\\data\\output_xsw\\hpo\\auto2_ablation_no_sentiment\\m10_autoformer_optuna_ablation_no_sentiment_xsw_20260414_203058\\trial_021"", ""RUN_NAME"": ""autoformer_optuna_trial_021"", ""EXPERIMENT_LOG_CSV"": ""E:\\2024liushaoxuan\\learn\\shiyan1\\data\\output_xsw\\hpo\\auto2_ablation_no_sentiment\\m10_autoformer_optuna_ablation_no_sentiment_xsw_20260414_203058\\optuna_experiment_results.csv""}","{""dropout"": 0.05, ""d_model"": 64, ""dim_feedforward"": 512, ""activation"": ""relu"", ""num_encoder_layers"": 2, ""num_decoder_layers"": 2, ""moving_avg_kernel"": 13, ""autocorrelation_factor"": 1, ""nhead"": 8, ""ablation_mode"": ""no_sentiment""}",
44,E:\2024liushaoxuan\learn\shiyan1\data\output_xsw\hpo\auto2_ablation_no_sentiment\m10_autoformer_optuna_ablation_no_sentiment_xsw_20260414_203058\trial_044,success,0.17283502975478768,1401.712055981218,799.4807867619213,67.06069436613001,0.9089887165874876,0.4990813402570575,47.0,67.0,"{""LEARNING_RATE"": 0.0010341999191257883, ""WEIGHT_DECAY"": 2.1287425804278392e-06, ""BATCH_SIZE"": 64, ""PEAK_SIGMA"": 1.0, ""PEAK_PENALTY_WEIGHT"": 0.6, ""LOSS_WEIGHT_PEAK_MSE"": 0.2, ""TEMP_START"": 3.0, ""MAX_GRAD_NORM"": 0.5, ""TEMP_END"": 0.45, ""NUM_EPOCHS"": 150, ""PATIENCE"": 20, ""SAVE_INTERVAL"": 999999, ""SAVE_DIR"": ""E:\\2024liushaoxuan\\learn\\shiyan1\\data\\output_xsw\\hpo\\auto2_ablation_no_sentiment\\m10_autoformer_optuna_ablation_no_sentiment_xsw_20260414_203058\\trial_044"", ""RUN_NAME"": ""autoformer_optuna_trial_044"", ""EXPERIMENT_LOG_CSV"": ""E:\\2024liushaoxuan\\learn\\shiyan1\\data\\output_xsw\\hpo\\auto2_ablation_no_sentiment\\m10_autoformer_optuna_ablation_no_sentiment_xsw_20260414_203058\\optuna_experiment_results.csv""}","{""dropout"": 0.05, ""d_model"": 64, ""dim_feedforward"": 512, ""activation"": ""relu"", ""num_encoder_layers"": 3, ""num_decoder_layers"": 2, ""moving_avg_kernel"": 13, ""autocorrelation_factor"": 1, ""nhead"": 8, ""ablation_mode"": ""no_sentiment""}",
33,E:\2024liushaoxuan\learn\shiyan1\data\output_xsw\hpo\auto2_ablation_no_sentiment\m10_autoformer_optuna_ablation_no_sentiment_xsw_20260414_203058\trial_033,success,0.17298501217737794,1059.2209939292898,613.7385561174347,56.594203104012145,0.9177381276461195,0.713962645631068,30.0,50.0,"{""LEARNING_RATE"": 0.001626939504212224, ""WEIGHT_DECAY"": 1.2966407458763902e-06, ""BATCH_SIZE"": 64, ""PEAK_SIGMA"": 1.0, ""PEAK_PENALTY_WEIGHT"": 5.0, ""LOSS_WEIGHT_PEAK_MSE"": 0.2, ""TEMP_START"": 2.0, ""MAX_GRAD_NORM"": 0.5, ""TEMP_END"": 0.3, ""NUM_EPOCHS"": 150, ""PATIENCE"": 20, ""SAVE_INTERVAL"": 999999, ""SAVE_DIR"": ""E:\\2024liushaoxuan\\learn\\shiyan1\\data\\output_xsw\\hpo\\auto2_ablation_no_sentiment\\m10_autoformer_optuna_ablation_no_sentiment_xsw_20260414_203058\\trial_033"", ""RUN_NAME"": ""autoformer_optuna_trial_033"", ""EXPERIMENT_LOG_CSV"": ""E:\\2024liushaoxuan\\learn\\shiyan1\\data\\output_xsw\\hpo\\auto2_ablation_no_sentiment\\m10_autoformer_optuna_ablation_no_sentiment_xsw_20260414_203058\\optuna_experiment_results.csv""}","{""dropout"": 0.05, ""d_model"": 64, ""dim_feedforward"": 512, ""activation"": ""relu"", ""num_encoder_layers"": 2, ""num_decoder_layers"": 2, ""moving_avg_kernel"": 13, ""autocorrelation_factor"": 1, ""nhead"": 8, ""ablation_mode"": ""no_sentiment""}",
32,E:\2024liushaoxuan\learn\shiyan1\data\output_xsw\hpo\auto2_ablation_no_sentiment\m10_autoformer_optuna_ablation_no_sentiment_xsw_20260414_203058\trial_032,success,0.17324332483112811,2186.1093265841187,1255.5674951171682,82.09719508567728,0.9101739395347772,-0.2184096968065481,39.0,59.0,"{""LEARNING_RATE"": 0.0012425004417520031, ""WEIGHT_DECAY"": 2.2907177676174956e-06, ""BATCH_SIZE"": 64, ""PEAK_SIGMA"": 1.0, ""PEAK_PENALTY_WEIGHT"": 5.0, ""LOSS_WEIGHT_PEAK_MSE"": 0.2, ""TEMP_START"": 3.0, ""MAX_GRAD_NORM"": 0.5, ""TEMP_END"": 0.45, ""NUM_EPOCHS"": 150, ""PATIENCE"": 20, ""SAVE_INTERVAL"": 999999, ""SAVE_DIR"": ""E:\\2024liushaoxuan\\learn\\shiyan1\\data\\output_xsw\\hpo\\auto2_ablation_no_sentiment\\m10_autoformer_optuna_ablation_no_sentiment_xsw_20260414_203058\\trial_032"", ""RUN_NAME"": ""autoformer_optuna_trial_032"", ""EXPERIMENT_LOG_CSV"": ""E:\\2024liushaoxuan\\learn\\shiyan1\\data\\output_xsw\\hpo\\auto2_ablation_no_sentiment\\m10_autoformer_optuna_ablation_no_sentiment_xsw_20260414_203058\\optuna_experiment_results.csv""}","{""dropout"": 0.05, ""d_model"": 64, ""dim_feedforward"": 512, ""activation"": ""relu"", ""num_encoder_layers"": 2, ""num_decoder_layers"": 2, ""moving_avg_kernel"": 13, ""autocorrelation_factor"": 1, ""nhead"": 8, ""ablation_mode"": ""no_sentiment""}",
24,E:\2024liushaoxuan\learn\shiyan1\data\output_xsw\hpo\auto2_ablation_no_sentiment\m10_autoformer_optuna_ablation_no_sentiment_xsw_20260414_203058\trial_024,success,0.17473860434256494,1733.0737990841621,1037.8176716579983,79.78033487860093,0.9096856335811878,0.23425581817092012,36.0,56.0,"{""LEARNING_RATE"": 0.0008164548943359462, ""WEIGHT_DECAY"": 4.89002197199348e-06, ""BATCH_SIZE"": 64, ""PEAK_SIGMA"": 1.0, ""PEAK_PENALTY_WEIGHT"": 5.0, ""LOSS_WEIGHT_PEAK_MSE"": 0.2, ""TEMP_START"": 3.0, ""MAX_GRAD_NORM"": 0.5, ""TEMP_END"": 0.45, ""NUM_EPOCHS"": 150, ""PATIENCE"": 20, ""SAVE_INTERVAL"": 999999, ""SAVE_DIR"": ""E:\\2024liushaoxuan\\learn\\shiyan1\\data\\output_xsw\\hpo\\auto2_ablation_no_sentiment\\m10_autoformer_optuna_ablation_no_sentiment_xsw_20260414_203058\\trial_024"", ""RUN_NAME"": ""autoformer_optuna_trial_024"", ""EXPERIMENT_LOG_CSV"": ""E:\\2024liushaoxuan\\learn\\shiyan1\\data\\output_xsw\\hpo\\auto2_ablation_no_sentiment\\m10_autoformer_optuna_ablation_no_sentiment_xsw_20260414_203058\\optuna_experiment_results.csv""}","{""dropout"": 0.05, ""d_model"": 64, ""dim_feedforward"": 512, ""activation"": ""relu"", ""num_encoder_layers"": 2, ""num_decoder_layers"": 2, ""moving_avg_kernel"": 13, ""autocorrelation_factor"": 1, ""nhead"": 8, ""ablation_mode"": ""no_sentiment""}",
25,E:\2024liushaoxuan\learn\shiyan1\data\output_xsw\hpo\auto2_ablation_no_sentiment\m10_autoformer_optuna_ablation_no_sentiment_xsw_20260414_203058\trial_025,success,0.17646754351444544,1977.465789934873,1202.5958826900378,88.36807705101877,0.8996281968879131,0.003063376667299056,46.0,66.0,"{""LEARNING_RATE"": 0.0008003176843186213, ""WEIGHT_DECAY"": 2.2350827818521318e-06, ""BATCH_SIZE"": 64, ""PEAK_SIGMA"": 1.0, ""PEAK_PENALTY_WEIGHT"": 5.0, ""LOSS_WEIGHT_PEAK_MSE"": 0.2, ""TEMP_START"": 3.0, ""MAX_GRAD_NORM"": 0.5, ""TEMP_END"": 0.45, ""NUM_EPOCHS"": 150, ""PATIENCE"": 20, ""SAVE_INTERVAL"": 999999, ""SAVE_DIR"": ""E:\\2024liushaoxuan\\learn\\shiyan1\\data\\output_xsw\\hpo\\auto2_ablation_no_sentiment\\m10_autoformer_optuna_ablation_no_sentiment_xsw_20260414_203058\\trial_025"", ""RUN_NAME"": ""autoformer_optuna_trial_025"", ""EXPERIMENT_LOG_CSV"": ""E:\\2024liushaoxuan\\learn\\shiyan1\\data\\output_xsw\\hpo\\auto2_ablation_no_sentiment\\m10_autoformer_optuna_ablation_no_sentiment_xsw_20260414_203058\\optuna_experiment_results.csv""}","{""dropout"": 0.05, ""d_model"": 64, ""dim_feedforward"": 512, ""activation"": ""relu"", ""num_encoder_layers"": 2, ""num_decoder_layers"": 2, ""moving_avg_kernel"": 13, ""autocorrelation_factor"": 1, ""nhead"": 4, ""ablation_mode"": ""no_sentiment""}",
13,E:\2024liushaoxuan\learn\shiyan1\data\output_xsw\hpo\auto2_ablation_no_sentiment\m10_autoformer_optuna_ablation_no_sentiment_xsw_20260414_203058\trial_013,success,0.17994707878679037,2089.898201153175,1325.4616702428764,93.96632306623385,0.9109598048668311,-0.11352470502899337,26.0,46.0,"{""LEARNING_RATE"": 0.0016644664605688288, ""WEIGHT_DECAY"": 2.6259287634670806e-06, ""BATCH_SIZE"": 64, ""PEAK_SIGMA"": 2.0, ""PEAK_PENALTY_WEIGHT"": 8.0, ""LOSS_WEIGHT_PEAK_MSE"": 0.7, ""TEMP_START"": 1.0, ""MAX_GRAD_NORM"": 0.5, ""TEMP_END"": 0.8, ""NUM_EPOCHS"": 150, ""PATIENCE"": 20, ""SAVE_INTERVAL"": 999999, ""SAVE_DIR"": ""E:\\2024liushaoxuan\\learn\\shiyan1\\data\\output_xsw\\hpo\\auto2_ablation_no_sentiment\\m10_autoformer_optuna_ablation_no_sentiment_xsw_20260414_203058\\trial_013"", ""RUN_NAME"": ""autoformer_optuna_trial_013"", ""EXPERIMENT_LOG_CSV"": ""E:\\2024liushaoxuan\\learn\\shiyan1\\data\\output_xsw\\hpo\\auto2_ablation_no_sentiment\\m10_autoformer_optuna_ablation_no_sentiment_xsw_20260414_203058\\optuna_experiment_results.csv""}","{""dropout"": 0.05, ""d_model"": 64, ""dim_feedforward"": 512, ""activation"": ""relu"", ""num_encoder_layers"": 2, ""num_decoder_layers"": 1, ""moving_avg_kernel"": 13, ""autocorrelation_factor"": 1, ""nhead"": 8, ""ablation_mode"": ""no_sentiment""}",
35,E:\2024liushaoxuan\learn\shiyan1\data\output_xsw\hpo\auto2_ablation_no_sentiment\m10_autoformer_optuna_ablation_no_sentiment_xsw_20260414_203058\trial_035,success,0.18071420453488826,1611.545473458954,981.7095979315183,78.59936801904983,0.9045401992883776,0.33788302561246786,17.0,37.0,"{""LEARNING_RATE"": 0.0019542285671608345, ""WEIGHT_DECAY"": 1.8271316816213108e-06, ""BATCH_SIZE"": 64, ""PEAK_SIGMA"": 1.0, ""PEAK_PENALTY_WEIGHT"": 5.0, ""LOSS_WEIGHT_PEAK_MSE"": 0.1, ""TEMP_START"": 2.0, ""MAX_GRAD_NORM"": 0.5, ""TEMP_END"": 0.3, ""NUM_EPOCHS"": 150, ""PATIENCE"": 20, ""SAVE_INTERVAL"": 999999, ""SAVE_DIR"": ""E:\\2024liushaoxuan\\learn\\shiyan1\\data\\output_xsw\\hpo\\auto2_ablation_no_sentiment\\m10_autoformer_optuna_ablation_no_sentiment_xsw_20260414_203058\\trial_035"", ""RUN_NAME"": ""autoformer_optuna_trial_035"", ""EXPERIMENT_LOG_CSV"": ""E:\\2024liushaoxuan\\learn\\shiyan1\\data\\output_xsw\\hpo\\auto2_ablation_no_sentiment\\m10_autoformer_optuna_ablation_no_sentiment_xsw_20260414_203058\\optuna_experiment_results.csv""}","{""dropout"": 0.05, ""d_model"": 64, ""dim_feedforward"": 512, ""activation"": ""relu"", ""num_encoder_layers"": 1, ""num_decoder_layers"": 3, ""moving_avg_kernel"": 13, ""autocorrelation_factor"": 1, ""nhead"": 8, ""ablation_mode"": ""no_sentiment""}",
36,E:\2024liushaoxuan\learn\shiyan1\data\output_xsw\hpo\auto2_ablation_no_sentiment\m10_autoformer_optuna_ablation_no_sentiment_xsw_20260414_203058\trial_036,success,0.18268766389228402,2136.024536301573,1258.4572153708573,85.09894196468582,0.9146885115567347,-0.16322055184231954,46.0,66.0,"{""LEARNING_RATE"": 0.000979288656986714, ""WEIGHT_DECAY"": 3.475088847349743e-05, ""BATCH_SIZE"": 64, ""PEAK_SIGMA"": 1.5, ""PEAK_PENALTY_WEIGHT"": 10.0, ""LOSS_WEIGHT_PEAK_MSE"": 0.6, ""TEMP_START"": 3.0, ""MAX_GRAD_NORM"": 0.5, ""TEMP_END"": 0.45, ""NUM_EPOCHS"": 150, ""PATIENCE"": 20, ""SAVE_INTERVAL"": 999999, ""SAVE_DIR"": ""E:\\2024liushaoxuan\\learn\\shiyan1\\data\\output_xsw\\hpo\\auto2_ablation_no_sentiment\\m10_autoformer_optuna_ablation_no_sentiment_xsw_20260414_203058\\trial_036"", ""RUN_NAME"": ""autoformer_optuna_trial_036"", ""EXPERIMENT_LOG_CSV"": ""E:\\2024liushaoxuan\\learn\\shiyan1\\data\\output_xsw\\hpo\\auto2_ablation_no_sentiment\\m10_autoformer_optuna_ablation_no_sentiment_xsw_20260414_203058\\optuna_experiment_results.csv""}","{""dropout"": 0.05, ""d_model"": 128, ""dim_feedforward"": 512, ""activation"": ""relu"", ""num_encoder_layers"": 2, ""num_decoder_layers"": 2, ""moving_avg_kernel"": 13, ""autocorrelation_factor"": 2, ""nhead"": 1, ""ablation_mode"": ""no_sentiment""}",
6,E:\2024liushaoxuan\learn\shiyan1\data\output_xsw\hpo\auto2_ablation_no_sentiment\m10_autoformer_optuna_ablation_no_sentiment_xsw_20260414_203058\trial_006,success,0.18416920052841307,2136.4624011071605,1298.1916006571519,90.53107273726121,0.9067072755445339,-0.16369749912114284,57.0,77.0,"{""LEARNING_RATE"": 0.00018357146701467394, ""WEIGHT_DECAY"": 2.6189560229804836e-06, ""BATCH_SIZE"": 64, ""PEAK_SIGMA"": 2.0, ""PEAK_PENALTY_WEIGHT"": 8.0, ""LOSS_WEIGHT_PEAK_MSE"": 0.05, ""TEMP_START"": 1.0, ""MAX_GRAD_NORM"": 0.5, ""TEMP_END"": 0.5, ""NUM_EPOCHS"": 150, ""PATIENCE"": 20, ""SAVE_INTERVAL"": 999999, ""SAVE_DIR"": ""E:\\2024liushaoxuan\\learn\\shiyan1\\data\\output_xsw\\hpo\\auto2_ablation_no_sentiment\\m10_autoformer_optuna_ablation_no_sentiment_xsw_20260414_203058\\trial_006"", ""RUN_NAME"": ""autoformer_optuna_trial_006"", ""EXPERIMENT_LOG_CSV"": ""E:\\2024liushaoxuan\\learn\\shiyan1\\data\\output_xsw\\hpo\\auto2_ablation_no_sentiment\\m10_autoformer_optuna_ablation_no_sentiment_xsw_20260414_203058\\optuna_experiment_results.csv""}","{""dropout"": 0.05, ""d_model"": 64, ""dim_feedforward"": 512, ""activation"": ""relu"", ""num_encoder_layers"": 3, ""num_decoder_layers"": 2, ""moving_avg_kernel"": 13, ""autocorrelation_factor"": 1, ""nhead"": 8, ""ablation_mode"": ""no_sentiment""}",
27,E:\2024liushaoxuan\learn\shiyan1\data\output_xsw\hpo\auto2_ablation_no_sentiment\m10_autoformer_optuna_ablation_no_sentiment_xsw_20260414_203058\trial_027,success,0.1842898825649172,2378.579051661839,1432.545448535586,90.72338278592854,0.9007738432439619,-0.44239687217033263,63.0,83.0,"{""LEARNING_RATE"": 0.0009578798929793252, ""WEIGHT_DECAY"": 1.3422157108148483e-06, ""BATCH_SIZE"": 64, ""PEAK_SIGMA"": 1.0, ""PEAK_PENALTY_WEIGHT"": 5.0, ""LOSS_WEIGHT_PEAK_MSE"": 0.2, ""TEMP_START"": 3.0, ""MAX_GRAD_NORM"": 0.5, ""TEMP_END"": 0.45, ""NUM_EPOCHS"": 150, ""PATIENCE"": 20, ""SAVE_INTERVAL"": 999999, ""SAVE_DIR"": ""E:\\2024liushaoxuan\\learn\\shiyan1\\data\\output_xsw\\hpo\\auto2_ablation_no_sentiment\\m10_autoformer_optuna_ablation_no_sentiment_xsw_20260414_203058\\trial_027"", ""RUN_NAME"": ""autoformer_optuna_trial_027"", ""EXPERIMENT_LOG_CSV"": ""E:\\2024liushaoxuan\\learn\\shiyan1\\data\\output_xsw\\hpo\\auto2_ablation_no_sentiment\\m10_autoformer_optuna_ablation_no_sentiment_xsw_20260414_203058\\optuna_experiment_results.csv""}","{""dropout"": 0.1, ""d_model"": 64, ""dim_feedforward"": 256, ""activation"": ""relu"", ""num_encoder_layers"": 2, ""num_decoder_layers"": 2, ""moving_avg_kernel"": 13, ""autocorrelation_factor"": 1, ""nhead"": 1, ""ablation_mode"": ""no_sentiment""}",
11,E:\2024liushaoxuan\learn\shiyan1\data\output_xsw\hpo\auto2_ablation_no_sentiment\m10_autoformer_optuna_ablation_no_sentiment_xsw_20260414_203058\trial_011,success,0.1852286188630387,1650.117336417632,993.8786238618826,79.25433703543557,0.902971320752082,0.3058085718172905,57.0,77.0,"{""LEARNING_RATE"": 0.00036049609367001643, ""WEIGHT_DECAY"": 1.0065720995157142e-06, ""BATCH_SIZE"": 64, ""PEAK_SIGMA"": 2.0, ""PEAK_PENALTY_WEIGHT"": 0.6, ""LOSS_WEIGHT_PEAK_MSE"": 0.7, ""TEMP_START"": 1.0, ""MAX_GRAD_NORM"": 0.5, ""TEMP_END"": 0.4, ""NUM_EPOCHS"": 150, ""PATIENCE"": 20, ""SAVE_INTERVAL"": 999999, ""SAVE_DIR"": ""E:\\2024liushaoxuan\\learn\\shiyan1\\data\\output_xsw\\hpo\\auto2_ablation_no_sentiment\\m10_autoformer_optuna_ablation_no_sentiment_xsw_20260414_203058\\trial_011"", ""RUN_NAME"": ""autoformer_optuna_trial_011"", ""EXPERIMENT_LOG_CSV"": ""E:\\2024liushaoxuan\\learn\\shiyan1\\data\\output_xsw\\hpo\\auto2_ablation_no_sentiment\\m10_autoformer_optuna_ablation_no_sentiment_xsw_20260414_203058\\optuna_experiment_results.csv""}","{""dropout"": 0.05, ""d_model"": 64, ""dim_feedforward"": 512, ""activation"": ""relu"", ""num_encoder_layers"": 2, ""num_decoder_layers"": 1, ""moving_avg_kernel"": 13, ""autocorrelation_factor"": 1, ""nhead"": 2, ""ablation_mode"": ""no_sentiment""}",
41,E:\2024liushaoxuan\learn\shiyan1\data\output_xsw\hpo\auto2_ablation_no_sentiment\m10_autoformer_optuna_ablation_no_sentiment_xsw_20260414_203058\trial_041,success,0.18609177195467055,1866.9724955559263,1139.2906638139782,82.53232059073073,0.9123326403120404,0.11136087099377179,32.0,52.0,"{""LEARNING_RATE"": 0.0014077231528748686, ""WEIGHT_DECAY"": 1.534539669017616e-06, ""BATCH_SIZE"": 64, ""PEAK_SIGMA"": 1.0, ""PEAK_PENALTY_WEIGHT"": 5.0, ""LOSS_WEIGHT_PEAK_MSE"": 0.2, ""TEMP_START"": 3.0, ""MAX_GRAD_NORM"": 0.5, ""TEMP_END"": 0.45, ""NUM_EPOCHS"": 150, ""PATIENCE"": 20, ""SAVE_INTERVAL"": 999999, ""SAVE_DIR"": ""E:\\2024liushaoxuan\\learn\\shiyan1\\data\\output_xsw\\hpo\\auto2_ablation_no_sentiment\\m10_autoformer_optuna_ablation_no_sentiment_xsw_20260414_203058\\trial_041"", ""RUN_NAME"": ""autoformer_optuna_trial_041"", ""EXPERIMENT_LOG_CSV"": ""E:\\2024liushaoxuan\\learn\\shiyan1\\data\\output_xsw\\hpo\\auto2_ablation_no_sentiment\\m10_autoformer_optuna_ablation_no_sentiment_xsw_20260414_203058\\optuna_experiment_results.csv""}","{""dropout"": 0.05, ""d_model"": 64, ""dim_feedforward"": 512, ""activation"": ""relu"", ""num_encoder_layers"": 2, ""num_decoder_layers"": 2, ""moving_avg_kernel"": 13, ""autocorrelation_factor"": 1, ""nhead"": 8, ""ablation_mode"": ""no_sentiment""}",
43,E:\2024liushaoxuan\learn\shiyan1\data\output_xsw\hpo\auto2_ablation_no_sentiment\m10_autoformer_optuna_ablation_no_sentiment_xsw_20260414_203058\trial_043,success,0.18704719771631062,2671.4543856047017,1616.1647130496879,100.84625578283315,0.889459643905962,-0.8194709199740122,15.0,35.0,"{""LEARNING_RATE"": 0.0016701076320099304, ""WEIGHT_DECAY"": 1.1385713750524947e-06, ""BATCH_SIZE"": 64, ""PEAK_SIGMA"": 1.0, ""PEAK_PENALTY_WEIGHT"": 5.0, ""LOSS_WEIGHT_PEAK_MSE"": 0.2, ""TEMP_START"": 3.0, ""MAX_GRAD_NORM"": 0.5, ""TEMP_END"": 0.45, ""NUM_EPOCHS"": 150, ""PATIENCE"": 20, ""SAVE_INTERVAL"": 999999, ""SAVE_DIR"": ""E:\\2024liushaoxuan\\learn\\shiyan1\\data\\output_xsw\\hpo\\auto2_ablation_no_sentiment\\m10_autoformer_optuna_ablation_no_sentiment_xsw_20260414_203058\\trial_043"", ""RUN_NAME"": ""autoformer_optuna_trial_043"", ""EXPERIMENT_LOG_CSV"": ""E:\\2024liushaoxuan\\learn\\shiyan1\\data\\output_xsw\\hpo\\auto2_ablation_no_sentiment\\m10_autoformer_optuna_ablation_no_sentiment_xsw_20260414_203058\\optuna_experiment_results.csv""}","{""dropout"": 0.05, ""d_model"": 64, ""dim_feedforward"": 512, ""activation"": ""relu"", ""num_encoder_layers"": 2, ""num_decoder_layers"": 2, ""moving_avg_kernel"": 13, ""autocorrelation_factor"": 1, ""nhead"": 8, ""ablation_mode"": ""no_sentiment""}",
37,E:\2024liushaoxuan\learn\shiyan1\data\output_xsw\hpo\auto2_ablation_no_sentiment\m10_autoformer_optuna_ablation_no_sentiment_xsw_20260414_203058\trial_037,success,0.18787389057688414,1426.2667270842176,797.7052655828649,68.15884482237668,0.901124247993282,0.48137781068529517,29.0,49.0,"{""LEARNING_RATE"": 0.0015429983182968596, ""WEIGHT_DECAY"": 5.405018405906002e-06, ""BATCH_SIZE"": 32, ""PEAK_SIGMA"": 1.0, ""PEAK_PENALTY_WEIGHT"": 5.0, ""LOSS_WEIGHT_PEAK_MSE"": 0.2, ""TEMP_START"": 2.0, ""MAX_GRAD_NORM"": 0.5, ""TEMP_END"": 0.8, ""NUM_EPOCHS"": 150, ""PATIENCE"": 20, ""SAVE_INTERVAL"": 999999, ""SAVE_DIR"": ""E:\\2024liushaoxuan\\learn\\shiyan1\\data\\output_xsw\\hpo\\auto2_ablation_no_sentiment\\m10_autoformer_optuna_ablation_no_sentiment_xsw_20260414_203058\\trial_037"", ""RUN_NAME"": ""autoformer_optuna_trial_037"", ""EXPERIMENT_LOG_CSV"": ""E:\\2024liushaoxuan\\learn\\shiyan1\\data\\output_xsw\\hpo\\auto2_ablation_no_sentiment\\m10_autoformer_optuna_ablation_no_sentiment_xsw_20260414_203058\\optuna_experiment_results.csv""}","{""dropout"": 0.05, ""d_model"": 64, ""dim_feedforward"": 512, ""activation"": ""relu"", ""num_encoder_layers"": 2, ""num_decoder_layers"": 2, ""moving_avg_kernel"": 13, ""autocorrelation_factor"": 1, ""nhead"": 4, ""ablation_mode"": ""no_sentiment""}",
17,E:\2024liushaoxuan\learn\shiyan1\data\output_xsw\hpo\auto2_ablation_no_sentiment\m10_autoformer_optuna_ablation_no_sentiment_xsw_20260414_203058\trial_017,success,0.18857152839191257,1877.0725551500293,1105.3184687070666,82.09642256765932,0.8777643702154996,0.10172003722489176,17.0,37.0,"{""LEARNING_RATE"": 0.0018958709421981277, ""WEIGHT_DECAY"": 4.467887095266034e-06, ""BATCH_SIZE"": 64, ""PEAK_SIGMA"": 1.0, ""PEAK_PENALTY_WEIGHT"": 8.0, ""LOSS_WEIGHT_PEAK_MSE"": 0.7, ""TEMP_START"": 1.0, ""MAX_GRAD_NORM"": 0.5, ""TEMP_END"": 0.8, ""NUM_EPOCHS"": 150, ""PATIENCE"": 20, ""SAVE_INTERVAL"": 999999, ""SAVE_DIR"": ""E:\\2024liushaoxuan\\learn\\shiyan1\\data\\output_xsw\\hpo\\auto2_ablation_no_sentiment\\m10_autoformer_optuna_ablation_no_sentiment_xsw_20260414_203058\\trial_017"", ""RUN_NAME"": ""autoformer_optuna_trial_017"", ""EXPERIMENT_LOG_CSV"": ""E:\\2024liushaoxuan\\learn\\shiyan1\\data\\output_xsw\\hpo\\auto2_ablation_no_sentiment\\m10_autoformer_optuna_ablation_no_sentiment_xsw_20260414_203058\\optuna_experiment_results.csv""}","{""dropout"": 0.05, ""d_model"": 64, ""dim_feedforward"": 256, ""activation"": ""relu"", ""num_encoder_layers"": 2, ""num_decoder_layers"": 1, ""moving_avg_kernel"": 13, ""autocorrelation_factor"": 1, ""nhead"": 1, ""ablation_mode"": ""no_sentiment""}",
30,E:\2024liushaoxuan\learn\shiyan1\data\output_xsw\hpo\auto2_ablation_no_sentiment\m10_autoformer_optuna_ablation_no_sentiment_xsw_20260414_203058\trial_030,success,0.19166932860389352,2655.93845472768,1760.4776276814898,114.84299231105308,0.8978430354868021,-0.7983971540696646,7.0,27.0,"{""LEARNING_RATE"": 0.0006579482011562065, ""WEIGHT_DECAY"": 2.214035973340417e-06, ""BATCH_SIZE"": 64, ""PEAK_SIGMA"": 1.0, ""PEAK_PENALTY_WEIGHT"": 10.0, ""LOSS_WEIGHT_PEAK_MSE"": 0.5, ""TEMP_START"": 3.0, ""MAX_GRAD_NORM"": 0.5, ""TEMP_END"": 1.5, ""NUM_EPOCHS"": 150, ""PATIENCE"": 20, ""SAVE_INTERVAL"": 999999, ""SAVE_DIR"": ""E:\\2024liushaoxuan\\learn\\shiyan1\\data\\output_xsw\\hpo\\auto2_ablation_no_sentiment\\m10_autoformer_optuna_ablation_no_sentiment_xsw_20260414_203058\\trial_030"", ""RUN_NAME"": ""autoformer_optuna_trial_030"", ""EXPERIMENT_LOG_CSV"": ""E:\\2024liushaoxuan\\learn\\shiyan1\\data\\output_xsw\\hpo\\auto2_ablation_no_sentiment\\m10_autoformer_optuna_ablation_no_sentiment_xsw_20260414_203058\\optuna_experiment_results.csv""}","{""dropout"": 0.05, ""d_model"": 64, ""dim_feedforward"": 512, ""activation"": ""relu"", ""num_encoder_layers"": 2, ""num_decoder_layers"": 2, ""moving_avg_kernel"": 13, ""autocorrelation_factor"": 1, ""nhead"": 8, ""ablation_mode"": ""no_sentiment""}",
49,E:\2024liushaoxuan\learn\shiyan1\data\output_xsw\hpo\auto2_ablation_no_sentiment\m10_autoformer_optuna_ablation_no_sentiment_xsw_20260414_203058\trial_049,success,0.19174449066631497,1959.9931853366102,1227.4090086989884,93.21928124779606,0.8952627218771049,0.020603122003325924,11.0,31.0,"{""LEARNING_RATE"": 0.0014200498551871013, ""WEIGHT_DECAY"": 1.1708246038009654e-06, ""BATCH_SIZE"": 64, ""PEAK_SIGMA"": 1.0, ""PEAK_PENALTY_WEIGHT"": 8.0, ""LOSS_WEIGHT_PEAK_MSE"": 0.2, ""TEMP_START"": 3.0, ""MAX_GRAD_NORM"": 0.5, ""TEMP_END"": 0.45, ""NUM_EPOCHS"": 150, ""PATIENCE"": 20, ""SAVE_INTERVAL"": 999999, ""SAVE_DIR"": ""E:\\2024liushaoxuan\\learn\\shiyan1\\data\\output_xsw\\hpo\\auto2_ablation_no_sentiment\\m10_autoformer_optuna_ablation_no_sentiment_xsw_20260414_203058\\trial_049"", ""RUN_NAME"": ""autoformer_optuna_trial_049"", ""EXPERIMENT_LOG_CSV"": ""E:\\2024liushaoxuan\\learn\\shiyan1\\data\\output_xsw\\hpo\\auto2_ablation_no_sentiment\\m10_autoformer_optuna_ablation_no_sentiment_xsw_20260414_203058\\optuna_experiment_results.csv""}","{""dropout"": 0.1, ""d_model"": 64, ""dim_feedforward"": 64, ""activation"": ""relu"", ""num_encoder_layers"": 2, ""num_decoder_layers"": 2, ""moving_avg_kernel"": 13, ""autocorrelation_factor"": 1, ""nhead"": 8, ""ablation_mode"": ""no_sentiment""}",
45,E:\2024liushaoxuan\learn\shiyan1\data\output_xsw\hpo\auto2_ablation_no_sentiment\m10_autoformer_optuna_ablation_no_sentiment_xsw_20260414_203058\trial_045,success,0.19312404438387604,2240.407763731907,1408.6392711156568,98.55313968805255,0.8898481820078141,-0.27968691868757967,7.0,27.0,"{""LEARNING_RATE"": 0.0019901787333929982, ""WEIGHT_DECAY"": 1.2822167879161585e-06, ""BATCH_SIZE"": 64, ""PEAK_SIGMA"": 1.0, ""PEAK_PENALTY_WEIGHT"": 5.0, ""LOSS_WEIGHT_PEAK_MSE"": 0.1, ""TEMP_START"": 2.0, ""MAX_GRAD_NORM"": 0.5, ""TEMP_END"": 0.8, ""NUM_EPOCHS"": 150, ""PATIENCE"": 20, ""SAVE_INTERVAL"": 999999, ""SAVE_DIR"": ""E:\\2024liushaoxuan\\learn\\shiyan1\\data\\output_xsw\\hpo\\auto2_ablation_no_sentiment\\m10_autoformer_optuna_ablation_no_sentiment_xsw_20260414_203058\\trial_045"", ""RUN_NAME"": ""autoformer_optuna_trial_045"", ""EXPERIMENT_LOG_CSV"": ""E:\\2024liushaoxuan\\learn\\shiyan1\\data\\output_xsw\\hpo\\auto2_ablation_no_sentiment\\m10_autoformer_optuna_ablation_no_sentiment_xsw_20260414_203058\\optuna_experiment_results.csv""}","{""dropout"": 0.05, ""d_model"": 64, ""dim_feedforward"": 256, ""activation"": ""relu"", ""num_encoder_layers"": 2, ""num_decoder_layers"": 2, ""moving_avg_kernel"": 13, ""autocorrelation_factor"": 1, ""nhead"": 2, ""ablation_mode"": ""no_sentiment""}",
12,E:\2024liushaoxuan\learn\shiyan1\data\output_xsw\hpo\auto2_ablation_no_sentiment\m10_autoformer_optuna_ablation_no_sentiment_xsw_20260414_203058\trial_012,success,0.1932012979174033,2759.2104513664135,1713.4914504443586,105.75742345627057,0.9046194091725939,-0.9409718879370017,83.0,103.0,"{""LEARNING_RATE"": 0.0001190773628758189, ""WEIGHT_DECAY"": 1.0098471383069134e-06, ""BATCH_SIZE"": 64, ""PEAK_SIGMA"": 2.0, ""PEAK_PENALTY_WEIGHT"": 0.6, ""LOSS_WEIGHT_PEAK_MSE"": 0.7, ""TEMP_START"": 1.0, ""MAX_GRAD_NORM"": 0.5, ""TEMP_END"": 0.25, ""NUM_EPOCHS"": 150, ""PATIENCE"": 20, ""SAVE_INTERVAL"": 999999, ""SAVE_DIR"": ""E:\\2024liushaoxuan\\learn\\shiyan1\\data\\output_xsw\\hpo\\auto2_ablation_no_sentiment\\m10_autoformer_optuna_ablation_no_sentiment_xsw_20260414_203058\\trial_012"", ""RUN_NAME"": ""autoformer_optuna_trial_012"", ""EXPERIMENT_LOG_CSV"": ""E:\\2024liushaoxuan\\learn\\shiyan1\\data\\output_xsw\\hpo\\auto2_ablation_no_sentiment\\m10_autoformer_optuna_ablation_no_sentiment_xsw_20260414_203058\\optuna_experiment_results.csv""}","{""dropout"": 0.05, ""d_model"": 64, ""dim_feedforward"": 512, ""activation"": ""relu"", ""num_encoder_layers"": 2, ""num_decoder_layers"": 1, ""moving_avg_kernel"": 13, ""autocorrelation_factor"": 1, ""nhead"": 8, ""ablation_mode"": ""no_sentiment""}",
18,E:\2024liushaoxuan\learn\shiyan1\data\output_xsw\hpo\auto2_ablation_no_sentiment\m10_autoformer_optuna_ablation_no_sentiment_xsw_20260414_203058\trial_018,success,0.19498643823899328,1859.4746665019331,1111.3837344329731,78.09793455432877,0.8840130036916095,0.1184841522888781,9.0,29.0,"{""LEARNING_RATE"": 0.001150577560728216, ""WEIGHT_DECAY"": 1.4860520551808325e-05, ""BATCH_SIZE"": 32, ""PEAK_SIGMA"": 1.0, ""PEAK_PENALTY_WEIGHT"": 8.0, ""LOSS_WEIGHT_PEAK_MSE"": 0.7, ""TEMP_START"": 1.0, ""MAX_GRAD_NORM"": 0.5, ""TEMP_END"": 0.8, ""NUM_EPOCHS"": 150, ""PATIENCE"": 20, ""SAVE_INTERVAL"": 999999, ""SAVE_DIR"": ""E:\\2024liushaoxuan\\learn\\shiyan1\\data\\output_xsw\\hpo\\auto2_ablation_no_sentiment\\m10_autoformer_optuna_ablation_no_sentiment_xsw_20260414_203058\\trial_018"", ""RUN_NAME"": ""autoformer_optuna_trial_018"", ""EXPERIMENT_LOG_CSV"": ""E:\\2024liushaoxuan\\learn\\shiyan1\\data\\output_xsw\\hpo\\auto2_ablation_no_sentiment\\m10_autoformer_optuna_ablation_no_sentiment_xsw_20260414_203058\\optuna_experiment_results.csv""}","{""dropout"": 0.05, ""d_model"": 128, ""dim_feedforward"": 64, ""activation"": ""relu"", ""num_encoder_layers"": 2, ""num_decoder_layers"": 2, ""moving_avg_kernel"": 25, ""autocorrelation_factor"": 2, ""nhead"": 1, ""ablation_mode"": ""no_sentiment""}",
5,E:\2024liushaoxuan\learn\shiyan1\data\output_xsw\hpo\auto2_ablation_no_sentiment\m10_autoformer_optuna_ablation_no_sentiment_xsw_20260414_203058\trial_005,success,0.19644046784378588,1694.936392858979,1036.0496462741355,81.42212648422317,0.9106599155298247,0.267586396538522,65.0,77.0,"{""LEARNING_RATE"": 0.00039065458469854744, ""WEIGHT_DECAY"": 1.4588585334365942e-06, ""BATCH_SIZE"": 64, ""PEAK_SIGMA"": 2.0, ""PEAK_PENALTY_WEIGHT"": 0.6, ""LOSS_WEIGHT_PEAK_MSE"": 0.7, ""TEMP_START"": 3.0, ""MAX_GRAD_NORM"": 0.5, ""TEMP_END"": 1.2, ""NUM_EPOCHS"": 150, ""PATIENCE"": 20, ""SAVE_INTERVAL"": 999999, ""SAVE_DIR"": ""E:\\2024liushaoxuan\\learn\\shiyan1\\data\\output_xsw\\hpo\\auto2_ablation_no_sentiment\\m10_autoformer_optuna_ablation_no_sentiment_xsw_20260414_203058\\trial_005"", ""RUN_NAME"": ""autoformer_optuna_trial_005"", ""EXPERIMENT_LOG_CSV"": ""E:\\2024liushaoxuan\\learn\\shiyan1\\data\\output_xsw\\hpo\\auto2_ablation_no_sentiment\\m10_autoformer_optuna_ablation_no_sentiment_xsw_20260414_203058\\optuna_experiment_results.csv""}","{""dropout"": 0.05, ""d_model"": 64, ""dim_feedforward"": 512, ""activation"": ""relu"", ""num_encoder_layers"": 2, ""num_decoder_layers"": 1, ""moving_avg_kernel"": 13, ""autocorrelation_factor"": 1, ""nhead"": 2, ""ablation_mode"": ""no_sentiment""}",
15,E:\2024liushaoxuan\learn\shiyan1\data\output_xsw\hpo\auto2_ablation_no_sentiment\m10_autoformer_optuna_ablation_no_sentiment_xsw_20260414_203058\trial_015,success,0.19787060809321702,2627.1210678608268,1626.5051352925727,100.29398817158359,0.8841472625759372,-0.7595830386305109,16.0,36.0,"{""LEARNING_RATE"": 0.0010719701201160933, ""WEIGHT_DECAY"": 5.899331869443123e-06, ""BATCH_SIZE"": 64, ""PEAK_SIGMA"": 2.0, ""PEAK_PENALTY_WEIGHT"": 8.0, ""LOSS_WEIGHT_PEAK_MSE"": 0.6, ""TEMP_START"": 1.0, ""MAX_GRAD_NORM"": 0.5, ""TEMP_END"": 0.8, ""NUM_EPOCHS"": 150, ""PATIENCE"": 20, ""SAVE_INTERVAL"": 999999, ""SAVE_DIR"": ""E:\\2024liushaoxuan\\learn\\shiyan1\\data\\output_xsw\\hpo\\auto2_ablation_no_sentiment\\m10_autoformer_optuna_ablation_no_sentiment_xsw_20260414_203058\\trial_015"", ""RUN_NAME"": ""autoformer_optuna_trial_015"", ""EXPERIMENT_LOG_CSV"": ""E:\\2024liushaoxuan\\learn\\shiyan1\\data\\output_xsw\\hpo\\auto2_ablation_no_sentiment\\m10_autoformer_optuna_ablation_no_sentiment_xsw_20260414_203058\\optuna_experiment_results.csv""}","{""dropout"": 0.1, ""d_model"": 64, ""dim_feedforward"": 512, ""activation"": ""relu"", ""num_encoder_layers"": 3, ""num_decoder_layers"": 1, ""moving_avg_kernel"": 13, ""autocorrelation_factor"": 1, ""nhead"": 8, ""ablation_mode"": ""no_sentiment""}",
3,E:\2024liushaoxuan\learn\shiyan1\data\output_xsw\hpo\auto2_ablation_no_sentiment\m10_autoformer_optuna_ablation_no_sentiment_xsw_20260414_203058\trial_003,success,0.19918131907470524,2725.9138010972038,1806.3545441370716,111.84859744039551,0.8850743703470113,-0.8944093539576967,6.0,26.0,"{""LEARNING_RATE"": 0.0005642843897457106, ""WEIGHT_DECAY"": 6.765631814304586e-06, ""BATCH_SIZE"": 64, ""PEAK_SIGMA"": 2.0, ""PEAK_PENALTY_WEIGHT"": 4.0, ""LOSS_WEIGHT_PEAK_MSE"": 0.1, ""TEMP_START"": 2.0, ""MAX_GRAD_NORM"": 0.5, ""TEMP_END"": 1.6, ""NUM_EPOCHS"": 150, ""PATIENCE"": 20, ""SAVE_INTERVAL"": 999999, ""SAVE_DIR"": ""E:\\2024liushaoxuan\\learn\\shiyan1\\data\\output_xsw\\hpo\\auto2_ablation_no_sentiment\\m10_autoformer_optuna_ablation_no_sentiment_xsw_20260414_203058\\trial_003"", ""RUN_NAME"": ""autoformer_optuna_trial_003"", ""EXPERIMENT_LOG_CSV"": ""E:\\2024liushaoxuan\\learn\\shiyan1\\data\\output_xsw\\hpo\\auto2_ablation_no_sentiment\\m10_autoformer_optuna_ablation_no_sentiment_xsw_20260414_203058\\optuna_experiment_results.csv""}","{""dropout"": 0.05, ""d_model"": 128, ""dim_feedforward"": 128, ""activation"": ""relu"", ""num_encoder_layers"": 2, ""num_decoder_layers"": 2, ""moving_avg_kernel"": 13, ""autocorrelation_factor"": 2, ""nhead"": 4, ""ablation_mode"": ""no_sentiment""}",
47,E:\2024liushaoxuan\learn\shiyan1\data\output_xsw\hpo\auto2_ablation_no_sentiment\m10_autoformer_optuna_ablation_no_sentiment_xsw_20260414_203058\trial_047,success,0.20022689821198583,2258.0919412476424,1346.0023044891386,88.85612653424873,0.8793090731192081,-0.2999685159540466,5.0,25.0,"{""LEARNING_RATE"": 0.0017197532975116523, ""WEIGHT_DECAY"": 3.0344917165048117e-06, ""BATCH_SIZE"": 64, ""PEAK_SIGMA"": 1.0, ""PEAK_PENALTY_WEIGHT"": 5.0, ""LOSS_WEIGHT_PEAK_MSE"": 0.2, ""TEMP_START"": 3.0, ""MAX_GRAD_NORM"": 0.5, ""TEMP_END"": 0.45, ""NUM_EPOCHS"": 150, ""PATIENCE"": 20, ""SAVE_INTERVAL"": 999999, ""SAVE_DIR"": ""E:\\2024liushaoxuan\\learn\\shiyan1\\data\\output_xsw\\hpo\\auto2_ablation_no_sentiment\\m10_autoformer_optuna_ablation_no_sentiment_xsw_20260414_203058\\trial_047"", ""RUN_NAME"": ""autoformer_optuna_trial_047"", ""EXPERIMENT_LOG_CSV"": ""E:\\2024liushaoxuan\\learn\\shiyan1\\data\\output_xsw\\hpo\\auto2_ablation_no_sentiment\\m10_autoformer_optuna_ablation_no_sentiment_xsw_20260414_203058\\optuna_experiment_results.csv""}","{""dropout"": 0.05, ""d_model"": 128, ""dim_feedforward"": 512, ""activation"": ""relu"", ""num_encoder_layers"": 2, ""num_decoder_layers"": 2, ""moving_avg_kernel"": 13, ""autocorrelation_factor"": 1, ""nhead"": 2, ""ablation_mode"": ""no_sentiment""}",
4,E:\2024liushaoxuan\learn\shiyan1\data\output_xsw\hpo\auto2_ablation_no_sentiment\m10_autoformer_optuna_ablation_no_sentiment_xsw_20260414_203058\trial_004,success,0.20470159407705069,2475.421451029839,1493.8707612090982,91.94535237138352,0.9042401219555146,-0.5622405009036622,63.0,83.0,"{""LEARNING_RATE"": 0.0005866626785005866, ""WEIGHT_DECAY"": 3.125647620887332e-06, ""BATCH_SIZE"": 64, ""PEAK_SIGMA"": 1.0, ""PEAK_PENALTY_WEIGHT"": 8.0, ""LOSS_WEIGHT_PEAK_MSE"": 0.5, ""TEMP_START"": 2.0, ""MAX_GRAD_NORM"": 0.5, ""TEMP_END"": 0.8, ""NUM_EPOCHS"": 150, ""PATIENCE"": 20, ""SAVE_INTERVAL"": 999999, ""SAVE_DIR"": ""E:\\2024liushaoxuan\\learn\\shiyan1\\data\\output_xsw\\hpo\\auto2_ablation_no_sentiment\\m10_autoformer_optuna_ablation_no_sentiment_xsw_20260414_203058\\trial_004"", ""RUN_NAME"": ""autoformer_optuna_trial_004"", ""EXPERIMENT_LOG_CSV"": ""E:\\2024liushaoxuan\\learn\\shiyan1\\data\\output_xsw\\hpo\\auto2_ablation_no_sentiment\\m10_autoformer_optuna_ablation_no_sentiment_xsw_20260414_203058\\optuna_experiment_results.csv""}","{""dropout"": 0.2, ""d_model"": 128, ""dim_feedforward"": 64, ""activation"": ""relu"", ""num_encoder_layers"": 3, ""num_decoder_layers"": 2, ""moving_avg_kernel"": 13, ""autocorrelation_factor"": 2, ""nhead"": 8, ""ablation_mode"": ""no_sentiment""}",
40,E:\2024liushaoxuan\learn\shiyan1\data\output_xsw\hpo\auto2_ablation_no_sentiment\m10_autoformer_optuna_ablation_no_sentiment_xsw_20260414_203058\trial_040,success,0.20833280915394425,1247.5447048143417,727.5543532486903,61.71426424810746,0.8993410229528829,0.6032089872212298,10.0,30.0,"{""LEARNING_RATE"": 0.0004415306349808169, ""WEIGHT_DECAY"": 1.5473633620801891e-06, ""BATCH_SIZE"": 64, ""PEAK_SIGMA"": 1.5, ""PEAK_PENALTY_WEIGHT"": 5.0, ""LOSS_WEIGHT_PEAK_MSE"": 0.5, ""TEMP_START"": 3.0, ""MAX_GRAD_NORM"": 0.5, ""TEMP_END"": 0.75, ""NUM_EPOCHS"": 150, ""PATIENCE"": 20, ""SAVE_INTERVAL"": 999999, ""SAVE_DIR"": ""E:\\2024liushaoxuan\\learn\\shiyan1\\data\\output_xsw\\hpo\\auto2_ablation_no_sentiment\\m10_autoformer_optuna_ablation_no_sentiment_xsw_20260414_203058\\trial_040"", ""RUN_NAME"": ""autoformer_optuna_trial_040"", ""EXPERIMENT_LOG_CSV"": ""E:\\2024liushaoxuan\\learn\\shiyan1\\data\\output_xsw\\hpo\\auto2_ablation_no_sentiment\\m10_autoformer_optuna_ablation_no_sentiment_xsw_20260414_203058\\optuna_experiment_results.csv""}","{""dropout"": 0.05, ""d_model"": 64, ""dim_feedforward"": 512, ""activation"": ""relu"", ""num_encoder_layers"": 2, ""num_decoder_layers"": 3, ""moving_avg_kernel"": 25, ""autocorrelation_factor"": 1, ""nhead"": 1, ""ablation_mode"": ""no_sentiment""}",
14,E:\2024liushaoxuan\learn\shiyan1\data\output_xsw\hpo\auto2_ablation_no_sentiment\m10_autoformer_optuna_ablation_no_sentiment_xsw_20260414_203058\trial_014,success,0.20936662168242037,1745.8810740033246,1086.001970100982,83.88376607548517,0.8744488638103659,0.22289642530156806,3.0,23.0,"{""LEARNING_RATE"": 0.001866326959201238, ""WEIGHT_DECAY"": 2.949010230219924e-06, ""BATCH_SIZE"": 32, ""PEAK_SIGMA"": 2.0, ""PEAK_PENALTY_WEIGHT"": 8.0, ""LOSS_WEIGHT_PEAK_MSE"": 0.2, ""TEMP_START"": 1.0, ""MAX_GRAD_NORM"": 0.5, ""TEMP_END"": 0.8, ""NUM_EPOCHS"": 150, ""PATIENCE"": 20, ""SAVE_INTERVAL"": 999999, ""SAVE_DIR"": ""E:\\2024liushaoxuan\\learn\\shiyan1\\data\\output_xsw\\hpo\\auto2_ablation_no_sentiment\\m10_autoformer_optuna_ablation_no_sentiment_xsw_20260414_203058\\trial_014"", ""RUN_NAME"": ""autoformer_optuna_trial_014"", ""EXPERIMENT_LOG_CSV"": ""E:\\2024liushaoxuan\\learn\\shiyan1\\data\\output_xsw\\hpo\\auto2_ablation_no_sentiment\\m10_autoformer_optuna_ablation_no_sentiment_xsw_20260414_203058\\optuna_experiment_results.csv""}","{""dropout"": 0.05, ""d_model"": 64, ""dim_feedforward"": 512, ""activation"": ""relu"", ""num_encoder_layers"": 1, ""num_decoder_layers"": 2, ""moving_avg_kernel"": 25, ""autocorrelation_factor"": 1, ""nhead"": 8, ""ablation_mode"": ""no_sentiment""}",
10,E:\2024liushaoxuan\learn\shiyan1\data\output_xsw\hpo\auto2_ablation_no_sentiment\m10_autoformer_optuna_ablation_no_sentiment_xsw_20260414_203058\trial_010,success,0.2226390485651791,2424.4551070194375,1636.3577876540055,107.16369649136914,0.9059762775657081,-0.49857293993187324,26.0,46.0,"{""LEARNING_RATE"": 0.0001103660825703024, ""WEIGHT_DECAY"": 1.1955128693422102e-06, ""BATCH_SIZE"": 32, ""PEAK_SIGMA"": 2.0, ""PEAK_PENALTY_WEIGHT"": 8.0, ""LOSS_WEIGHT_PEAK_MSE"": 0.05, ""TEMP_START"": 1.0, ""MAX_GRAD_NORM"": 0.5, ""TEMP_END"": 0.5, ""NUM_EPOCHS"": 150, ""PATIENCE"": 20, ""SAVE_INTERVAL"": 999999, ""SAVE_DIR"": ""E:\\2024liushaoxuan\\learn\\shiyan1\\data\\output_xsw\\hpo\\auto2_ablation_no_sentiment\\m10_autoformer_optuna_ablation_no_sentiment_xsw_20260414_203058\\trial_010"", ""RUN_NAME"": ""autoformer_optuna_trial_010"", ""EXPERIMENT_LOG_CSV"": ""E:\\2024liushaoxuan\\learn\\shiyan1\\data\\output_xsw\\hpo\\auto2_ablation_no_sentiment\\m10_autoformer_optuna_ablation_no_sentiment_xsw_20260414_203058\\optuna_experiment_results.csv""}","{""dropout"": 0.1, ""d_model"": 64, ""dim_feedforward"": 256, ""activation"": ""relu"", ""num_encoder_layers"": 3, ""num_decoder_layers"": 2, ""moving_avg_kernel"": 25, ""autocorrelation_factor"": 2, ""nhead"": 1, ""ablation_mode"": ""no_sentiment""}",
26,E:\2024liushaoxuan\learn\shiyan1\data\output_xsw\hpo\auto2_ablation_no_sentiment\m10_autoformer_optuna_ablation_no_sentiment_xsw_20260414_203058\trial_026,success,0.2302341272123158,1758.232474197504,1049.5436704822189,81.28177176716574,0.8509670218442457,0.21186214640730794,2.0,22.0,"{""LEARNING_RATE"": 0.0013249125349944458, ""WEIGHT_DECAY"": 4.0988044801809014e-06, ""BATCH_SIZE"": 32, ""PEAK_SIGMA"": 1.0, ""PEAK_PENALTY_WEIGHT"": 5.0, ""LOSS_WEIGHT_PEAK_MSE"": 0.2, ""TEMP_START"": 3.0, ""MAX_GRAD_NORM"": 0.5, ""TEMP_END"": 0.45, ""NUM_EPOCHS"": 150, ""PATIENCE"": 20, ""SAVE_INTERVAL"": 999999, ""SAVE_DIR"": ""E:\\2024liushaoxuan\\learn\\shiyan1\\data\\output_xsw\\hpo\\auto2_ablation_no_sentiment\\m10_autoformer_optuna_ablation_no_sentiment_xsw_20260414_203058\\trial_026"", ""RUN_NAME"": ""autoformer_optuna_trial_026"", ""EXPERIMENT_LOG_CSV"": ""E:\\2024liushaoxuan\\learn\\shiyan1\\data\\output_xsw\\hpo\\auto2_ablation_no_sentiment\\m10_autoformer_optuna_ablation_no_sentiment_xsw_20260414_203058\\optuna_experiment_results.csv""}","{""dropout"": 0.05, ""d_model"": 128, ""dim_feedforward"": 64, ""activation"": ""relu"", ""num_encoder_layers"": 1, ""num_decoder_layers"": 2, ""moving_avg_kernel"": 25, ""autocorrelation_factor"": 2, ""nhead"": 4, ""ablation_mode"": ""no_sentiment""}",
1,E:\2024liushaoxuan\learn\shiyan1\data\output_xsw\hpo\auto2_ablation_no_sentiment\m10_autoformer_optuna_ablation_no_sentiment_xsw_20260414_203058\trial_001,success,0.24195794952102007,5095.579891529098,2996.115556485424,140.3657335886907,0.8574068390188233,-5.619677361875517,37.0,57.0,"{""LEARNING_RATE"": 0.001139555202204074, ""WEIGHT_DECAY"": 1.378835840407632e-05, ""BATCH_SIZE"": 64, ""PEAK_SIGMA"": 1.5, ""PEAK_PENALTY_WEIGHT"": 4.0, ""LOSS_WEIGHT_PEAK_MSE"": 0.1, ""TEMP_START"": 2.0, ""MAX_GRAD_NORM"": 0.5, ""TEMP_END"": 0.8, ""NUM_EPOCHS"": 150, ""PATIENCE"": 20, ""SAVE_INTERVAL"": 999999, ""SAVE_DIR"": ""E:\\2024liushaoxuan\\learn\\shiyan1\\data\\output_xsw\\hpo\\auto2_ablation_no_sentiment\\m10_autoformer_optuna_ablation_no_sentiment_xsw_20260414_203058\\trial_001"", ""RUN_NAME"": ""autoformer_optuna_trial_001"", ""EXPERIMENT_LOG_CSV"": ""E:\\2024liushaoxuan\\learn\\shiyan1\\data\\output_xsw\\hpo\\auto2_ablation_no_sentiment\\m10_autoformer_optuna_ablation_no_sentiment_xsw_20260414_203058\\optuna_experiment_results.csv""}","{""dropout"": 0.3, ""d_model"": 64, ""dim_feedforward"": 128, ""activation"": ""relu"", ""num_encoder_layers"": 3, ""num_decoder_layers"": 3, ""moving_avg_kernel"": 13, ""autocorrelation_factor"": 1, ""nhead"": 2, ""ablation_mode"": ""no_sentiment""}",
0,E:\2024liushaoxuan\learn\shiyan1\data\output_xsw\hpo\auto2_ablation_no_sentiment\m10_autoformer_optuna_ablation_no_sentiment_xsw_20260414_203058\trial_000,success,0.24368368019349873,4232.2447657338325,2572.3017690156653,141.95957635101962,0.8893388683532366,-3.566580792519326,36.0,56.0,"{""LEARNING_RATE"": 0.0006318503665145954, ""WEIGHT_DECAY"": 3.644233253629719e-05, ""BATCH_SIZE"": 64, ""PEAK_SIGMA"": 2.0, ""PEAK_PENALTY_WEIGHT"": 5.0, ""LOSS_WEIGHT_PEAK_MSE"": 0.05, ""TEMP_START"": 2.0, ""MAX_GRAD_NORM"": 0.5, ""TEMP_END"": 1.0, ""NUM_EPOCHS"": 150, ""PATIENCE"": 20, ""SAVE_INTERVAL"": 999999, ""SAVE_DIR"": ""E:\\2024liushaoxuan\\learn\\shiyan1\\data\\output_xsw\\hpo\\auto2_ablation_no_sentiment\\m10_autoformer_optuna_ablation_no_sentiment_xsw_20260414_203058\\trial_000"", ""RUN_NAME"": ""autoformer_optuna_trial_000"", ""EXPERIMENT_LOG_CSV"": ""E:\\2024liushaoxuan\\learn\\shiyan1\\data\\output_xsw\\hpo\\auto2_ablation_no_sentiment\\m10_autoformer_optuna_ablation_no_sentiment_xsw_20260414_203058\\optuna_experiment_results.csv""}","{""dropout"": 0.2, ""d_model"": 64, ""dim_feedforward"": 512, ""activation"": ""relu"", ""num_encoder_layers"": 1, ""num_decoder_layers"": 3, ""moving_avg_kernel"": 25, ""autocorrelation_factor"": 1, ""nhead"": 4, ""ablation_mode"": ""no_sentiment""}",
9,E:\2024liushaoxuan\learn\shiyan1\data\output_xsw\hpo\auto2_ablation_no_sentiment\m10_autoformer_optuna_ablation_no_sentiment_xsw_20260414_203058\trial_009,success,0.25071859927847984,4975.396948403008,2659.4554310929093,138.78052039853867,0.781439445901344,-5.311100026214955,9.0,29.0,"{""LEARNING_RATE"": 0.00017445120735114705, ""WEIGHT_DECAY"": 8.383229309570814e-06, ""BATCH_SIZE"": 64, ""PEAK_SIGMA"": 1.5, ""PEAK_PENALTY_WEIGHT"": 10.0, ""LOSS_WEIGHT_PEAK_MSE"": 0.6, ""TEMP_START"": 1.0, ""MAX_GRAD_NORM"": 0.5, ""TEMP_END"": 0.25, ""NUM_EPOCHS"": 150, ""PATIENCE"": 20, ""SAVE_INTERVAL"": 999999, ""SAVE_DIR"": ""E:\\2024liushaoxuan\\learn\\shiyan1\\data\\output_xsw\\hpo\\auto2_ablation_no_sentiment\\m10_autoformer_optuna_ablation_no_sentiment_xsw_20260414_203058\\trial_009"", ""RUN_NAME"": ""autoformer_optuna_trial_009"", ""EXPERIMENT_LOG_CSV"": ""E:\\2024liushaoxuan\\learn\\shiyan1\\data\\output_xsw\\hpo\\auto2_ablation_no_sentiment\\m10_autoformer_optuna_ablation_no_sentiment_xsw_20260414_203058\\optuna_experiment_results.csv""}","{""dropout"": 0.2, ""d_model"": 128, ""dim_feedforward"": 64, ""activation"": ""relu"", ""num_encoder_layers"": 3, ""num_decoder_layers"": 3, ""moving_avg_kernel"": 13, ""autocorrelation_factor"": 1, ""nhead"": 8, ""ablation_mode"": ""no_sentiment""}",
2,E:\2024liushaoxuan\learn\shiyan1\data\output_xsw\hpo\auto2_ablation_no_sentiment\m10_autoformer_optuna_ablation_no_sentiment_xsw_20260414_203058\trial_002,success,0.38285814616829156,18783.165410774287,10282.489080808515,361.44904333894425,0.7889726885595671,-88.94709853710434,22.0,42.0,"{""LEARNING_RATE"": 0.00022994752009403122, ""WEIGHT_DECAY"": 4.77664030445543e-05, ""BATCH_SIZE"": 32, ""PEAK_SIGMA"": 1.0, ""PEAK_PENALTY_WEIGHT"": 10.0, ""LOSS_WEIGHT_PEAK_MSE"": 0.05, ""TEMP_START"": 2.0, ""MAX_GRAD_NORM"": 0.5, ""TEMP_END"": 0.3, ""NUM_EPOCHS"": 150, ""PATIENCE"": 20, ""SAVE_INTERVAL"": 999999, ""SAVE_DIR"": ""E:\\2024liushaoxuan\\learn\\shiyan1\\data\\output_xsw\\hpo\\auto2_ablation_no_sentiment\\m10_autoformer_optuna_ablation_no_sentiment_xsw_20260414_203058\\trial_002"", ""RUN_NAME"": ""autoformer_optuna_trial_002"", ""EXPERIMENT_LOG_CSV"": ""E:\\2024liushaoxuan\\learn\\shiyan1\\data\\output_xsw\\hpo\\auto2_ablation_no_sentiment\\m10_autoformer_optuna_ablation_no_sentiment_xsw_20260414_203058\\optuna_experiment_results.csv""}","{""dropout"": 0.3, ""d_model"": 64, ""dim_feedforward"": 512, ""activation"": ""relu"", ""num_encoder_layers"": 1, ""num_decoder_layers"": 2, ""moving_avg_kernel"": 13, ""autocorrelation_factor"": 1, ""nhead"": 8, ""ablation_mode"": ""no_sentiment""}",
7,E:\2024liushaoxuan\learn\shiyan1\data\output_xsw\hpo\auto2_ablation_no_sentiment\m10_autoformer_optuna_ablation_no_sentiment_xsw_20260414_203058\trial_007,pruned,,,,,,,,,"{""LEARNING_RATE"": 0.0002788220852485697, ""WEIGHT_DECAY"": 3.522140577980505e-06, ""BATCH_SIZE"": 32, ""PEAK_SIGMA"": 1.5, ""PEAK_PENALTY_WEIGHT"": 0.6, ""LOSS_WEIGHT_PEAK_MSE"": 0.2, ""TEMP_START"": 3.0, ""MAX_GRAD_NORM"": 0.5, ""TEMP_END"": 1.5, ""NUM_EPOCHS"": 150, ""PATIENCE"": 20, ""SAVE_INTERVAL"": 999999, ""SAVE_DIR"": ""E:\\2024liushaoxuan\\learn\\shiyan1\\data\\output_xsw\\hpo\\auto2_ablation_no_sentiment\\m10_autoformer_optuna_ablation_no_sentiment_xsw_20260414_203058\\trial_007"", ""RUN_NAME"": ""autoformer_optuna_trial_007"", ""EXPERIMENT_LOG_CSV"": ""E:\\2024liushaoxuan\\learn\\shiyan1\\data\\output_xsw\\hpo\\auto2_ablation_no_sentiment\\m10_autoformer_optuna_ablation_no_sentiment_xsw_20260414_203058\\optuna_experiment_results.csv""}","{""dropout"": 0.2, ""d_model"": 128, ""dim_feedforward"": 256, ""activation"": ""relu"", ""num_encoder_layers"": 3, ""num_decoder_layers"": 1, ""moving_avg_kernel"": 25, ""autocorrelation_factor"": 2, ""nhead"": 2, ""ablation_mode"": ""no_sentiment""}",Trial 在 epoch 15 被剪枝: best_val_ccc_loss=0.410367
8,E:\2024liushaoxuan\learn\shiyan1\data\output_xsw\hpo\auto2_ablation_no_sentiment\m10_autoformer_optuna_ablation_no_sentiment_xsw_20260414_203058\trial_008,pruned,,,,,,,,,"{""LEARNING_RATE"": 0.0002294329310802588, ""WEIGHT_DECAY"": 1.905132094340649e-06, ""BATCH_SIZE"": 64, ""PEAK_SIGMA"": 1.5, ""PEAK_PENALTY_WEIGHT"": 5.0, ""LOSS_WEIGHT_PEAK_MSE"": 0.5, ""TEMP_START"": 3.0, ""MAX_GRAD_NORM"": 0.5, ""TEMP_END"": 0.45, ""NUM_EPOCHS"": 150, ""PATIENCE"": 20, ""SAVE_INTERVAL"": 999999, ""SAVE_DIR"": ""E:\\2024liushaoxuan\\learn\\shiyan1\\data\\output_xsw\\hpo\\auto2_ablation_no_sentiment\\m10_autoformer_optuna_ablation_no_sentiment_xsw_20260414_203058\\trial_008"", ""RUN_NAME"": ""autoformer_optuna_trial_008"", ""EXPERIMENT_LOG_CSV"": ""E:\\2024liushaoxuan\\learn\\shiyan1\\data\\output_xsw\\hpo\\auto2_ablation_no_sentiment\\m10_autoformer_optuna_ablation_no_sentiment_xsw_20260414_203058\\optuna_experiment_results.csv""}","{""dropout"": 0.3, ""d_model"": 64, ""dim_feedforward"": 128, ""activation"": ""relu"", ""num_encoder_layers"": 2, ""num_decoder_layers"": 3, ""moving_avg_kernel"": 13, ""autocorrelation_factor"": 1, ""nhead"": 4, ""ablation_mode"": ""no_sentiment""}",Trial 在 epoch 15 被剪枝: best_val_ccc_loss=0.506597
19,E:\2024liushaoxuan\learn\shiyan1\data\output_xsw\hpo\auto2_ablation_no_sentiment\m10_autoformer_optuna_ablation_no_sentiment_xsw_20260414_203058\trial_019,pruned,,,,,,,,,"{""LEARNING_RATE"": 0.0008874486224007021, ""WEIGHT_DECAY"": 1.8837639186419665e-06, ""BATCH_SIZE"": 64, ""PEAK_SIGMA"": 1.0, ""PEAK_PENALTY_WEIGHT"": 8.0, ""LOSS_WEIGHT_PEAK_MSE"": 0.05, ""TEMP_START"": 1.0, ""MAX_GRAD_NORM"": 0.5, ""TEMP_END"": 0.5, ""NUM_EPOCHS"": 150, ""PATIENCE"": 20, ""SAVE_INTERVAL"": 999999, ""SAVE_DIR"": ""E:\\2024liushaoxuan\\learn\\shiyan1\\data\\output_xsw\\hpo\\auto2_ablation_no_sentiment\\m10_autoformer_optuna_ablation_no_sentiment_xsw_20260414_203058\\trial_019"", ""RUN_NAME"": ""autoformer_optuna_trial_019"", ""EXPERIMENT_LOG_CSV"": ""E:\\2024liushaoxuan\\learn\\shiyan1\\data\\output_xsw\\hpo\\auto2_ablation_no_sentiment\\m10_autoformer_optuna_ablation_no_sentiment_xsw_20260414_203058\\optuna_experiment_results.csv""}","{""dropout"": 0.1, ""d_model"": 64, ""dim_feedforward"": 512, ""activation"": ""relu"", ""num_encoder_layers"": 2, ""num_decoder_layers"": 1, ""moving_avg_kernel"": 13, ""autocorrelation_factor"": 1, ""nhead"": 8, ""ablation_mode"": ""no_sentiment""}",Trial 在 epoch 33 被剪枝: best_val_ccc_loss=0.226734
28,E:\2024liushaoxuan\learn\shiyan1\data\output_xsw\hpo\auto2_ablation_no_sentiment\m10_autoformer_optuna_ablation_no_sentiment_xsw_20260414_203058\trial_028,pruned,,,,,,,,,"{""LEARNING_RATE"": 0.0007461860051684687, ""WEIGHT_DECAY"": 1.0276207870684956e-05, ""BATCH_SIZE"": 64, ""PEAK_SIGMA"": 1.0, ""PEAK_PENALTY_WEIGHT"": 4.0, ""LOSS_WEIGHT_PEAK_MSE"": 0.1, ""TEMP_START"": 3.0, ""MAX_GRAD_NORM"": 0.5, ""TEMP_END"": 0.75, ""NUM_EPOCHS"": 150, ""PATIENCE"": 20, ""SAVE_INTERVAL"": 999999, ""SAVE_DIR"": ""E:\\2024liushaoxuan\\learn\\shiyan1\\data\\output_xsw\\hpo\\auto2_ablation_no_sentiment\\m10_autoformer_optuna_ablation_no_sentiment_xsw_20260414_203058\\trial_028"", ""RUN_NAME"": ""autoformer_optuna_trial_028"", ""EXPERIMENT_LOG_CSV"": ""E:\\2024liushaoxuan\\learn\\shiyan1\\data\\output_xsw\\hpo\\auto2_ablation_no_sentiment\\m10_autoformer_optuna_ablation_no_sentiment_xsw_20260414_203058\\optuna_experiment_results.csv""}","{""dropout"": 0.3, ""d_model"": 64, ""dim_feedforward"": 128, ""activation"": ""relu"", ""num_encoder_layers"": 2, ""num_decoder_layers"": 2, ""moving_avg_kernel"": 13, ""autocorrelation_factor"": 1, ""nhead"": 8, ""ablation_mode"": ""no_sentiment""}",Trial 在 epoch 15 被剪枝: best_val_ccc_loss=0.541482
29,E:\2024liushaoxuan\learn\shiyan1\data\output_xsw\hpo\auto2_ablation_no_sentiment\m10_autoformer_optuna_ablation_no_sentiment_xsw_20260414_203058\trial_029,pruned,,,,,,,,,"{""LEARNING_RATE"": 0.0005039425889837602, ""WEIGHT_DECAY"": 2.1796434410776966e-05, ""BATCH_SIZE"": 64, ""PEAK_SIGMA"": 1.0, ""PEAK_PENALTY_WEIGHT"": 5.0, ""LOSS_WEIGHT_PEAK_MSE"": 0.05, ""TEMP_START"": 3.0, ""MAX_GRAD_NORM"": 0.5, ""TEMP_END"": 1.5, ""NUM_EPOCHS"": 150, ""PATIENCE"": 20, ""SAVE_INTERVAL"": 999999, ""SAVE_DIR"": ""E:\\2024liushaoxuan\\learn\\shiyan1\\data\\output_xsw\\hpo\\auto2_ablation_no_sentiment\\m10_autoformer_optuna_ablation_no_sentiment_xsw_20260414_203058\\trial_029"", ""RUN_NAME"": ""autoformer_optuna_trial_029"", ""EXPERIMENT_LOG_CSV"": ""E:\\2024liushaoxuan\\learn\\shiyan1\\data\\output_xsw\\hpo\\auto2_ablation_no_sentiment\\m10_autoformer_optuna_ablation_no_sentiment_xsw_20260414_203058\\optuna_experiment_results.csv""}","{""dropout"": 0.2, ""d_model"": 64, ""dim_feedforward"": 512, ""activation"": ""relu"", ""num_encoder_layers"": 1, ""num_decoder_layers"": 3, ""moving_avg_kernel"": 25, ""autocorrelation_factor"": 1, ""nhead"": 8, ""ablation_mode"": ""no_sentiment""}",Trial 在 epoch 15 被剪枝: best_val_ccc_loss=0.451733
34,E:\2024liushaoxuan\learn\shiyan1\data\output_xsw\hpo\auto2_ablation_no_sentiment\m10_autoformer_optuna_ablation_no_sentiment_xsw_20260414_203058\trial_034,pruned,,,,,,,,,"{""LEARNING_RATE"": 0.0011156907396162397, ""WEIGHT_DECAY"": 3.4412491963644697e-06, ""BATCH_SIZE"": 64, ""PEAK_SIGMA"": 1.0, ""PEAK_PENALTY_WEIGHT"": 4.0, ""LOSS_WEIGHT_PEAK_MSE"": 0.05, ""TEMP_START"": 3.0, ""MAX_GRAD_NORM"": 0.5, ""TEMP_END"": 0.45, ""NUM_EPOCHS"": 150, ""PATIENCE"": 20, ""SAVE_INTERVAL"": 999999, ""SAVE_DIR"": ""E:\\2024liushaoxuan\\learn\\shiyan1\\data\\output_xsw\\hpo\\auto2_ablation_no_sentiment\\m10_autoformer_optuna_ablation_no_sentiment_xsw_20260414_203058\\trial_034"", ""RUN_NAME"": ""autoformer_optuna_trial_034"", ""EXPERIMENT_LOG_CSV"": ""E:\\2024liushaoxuan\\learn\\shiyan1\\data\\output_xsw\\hpo\\auto2_ablation_no_sentiment\\m10_autoformer_optuna_ablation_no_sentiment_xsw_20260414_203058\\optuna_experiment_results.csv""}","{""dropout"": 0.3, ""d_model"": 64, ""dim_feedforward"": 128, ""activation"": ""relu"", ""num_encoder_layers"": 2, ""num_decoder_layers"": 2, ""moving_avg_kernel"": 13, ""autocorrelation_factor"": 1, ""nhead"": 8, ""ablation_mode"": ""no_sentiment""}",Trial 在 epoch 15 被剪枝: best_val_ccc_loss=0.506923
38,E:\2024liushaoxuan\learn\shiyan1\data\output_xsw\hpo\auto2_ablation_no_sentiment\m10_autoformer_optuna_ablation_no_sentiment_xsw_20260414_203058\trial_038,pruned,,,,,,,,,"{""LEARNING_RATE"": 0.0012927555185246991, ""WEIGHT_DECAY"": 3.648893241241441e-06, ""BATCH_SIZE"": 64, ""PEAK_SIGMA"": 1.0, ""PEAK_PENALTY_WEIGHT"": 4.0, ""LOSS_WEIGHT_PEAK_MSE"": 0.05, ""TEMP_START"": 3.0, ""MAX_GRAD_NORM"": 0.5, ""TEMP_END"": 1.5, ""NUM_EPOCHS"": 150, ""PATIENCE"": 20, ""SAVE_INTERVAL"": 999999, ""SAVE_DIR"": ""E:\\2024liushaoxuan\\learn\\shiyan1\\data\\output_xsw\\hpo\\auto2_ablation_no_sentiment\\m10_autoformer_optuna_ablation_no_sentiment_xsw_20260414_203058\\trial_038"", ""RUN_NAME"": ""autoformer_optuna_trial_038"", ""EXPERIMENT_LOG_CSV"": ""E:\\2024liushaoxuan\\learn\\shiyan1\\data\\output_xsw\\hpo\\auto2_ablation_no_sentiment\\m10_autoformer_optuna_ablation_no_sentiment_xsw_20260414_203058\\optuna_experiment_results.csv""}","{""dropout"": 0.2, ""d_model"": 64, ""dim_feedforward"": 64, ""activation"": ""relu"", ""num_encoder_layers"": 2, ""num_decoder_layers"": 2, ""moving_avg_kernel"": 13, ""autocorrelation_factor"": 1, ""nhead"": 2, ""ablation_mode"": ""no_sentiment""}",Trial 在 epoch 15 被剪枝: best_val_ccc_loss=0.306548
39,E:\2024liushaoxuan\learn\shiyan1\data\output_xsw\hpo\auto2_ablation_no_sentiment\m10_autoformer_optuna_ablation_no_sentiment_xsw_20260414_203058\trial_039,pruned,,,,,,,,,"{""LEARNING_RATE"": 0.0007053062365048006, ""WEIGHT_DECAY"": 2.6373057657395036e-06, ""BATCH_SIZE"": 64, ""PEAK_SIGMA"": 1.0, ""PEAK_PENALTY_WEIGHT"": 5.0, ""LOSS_WEIGHT_PEAK_MSE"": 0.2, ""TEMP_START"": 3.0, ""MAX_GRAD_NORM"": 0.5, ""TEMP_END"": 0.45, ""NUM_EPOCHS"": 150, ""PATIENCE"": 20, ""SAVE_INTERVAL"": 999999, ""SAVE_DIR"": ""E:\\2024liushaoxuan\\learn\\shiyan1\\data\\output_xsw\\hpo\\auto2_ablation_no_sentiment\\m10_autoformer_optuna_ablation_no_sentiment_xsw_20260414_203058\\trial_039"", ""RUN_NAME"": ""autoformer_optuna_trial_039"", ""EXPERIMENT_LOG_CSV"": ""E:\\2024liushaoxuan\\learn\\shiyan1\\data\\output_xsw\\hpo\\auto2_ablation_no_sentiment\\m10_autoformer_optuna_ablation_no_sentiment_xsw_20260414_203058\\optuna_experiment_results.csv""}","{""dropout"": 0.3, ""d_model"": 128, ""dim_feedforward"": 128, ""activation"": ""relu"", ""num_encoder_layers"": 1, ""num_decoder_layers"": 2, ""moving_avg_kernel"": 13, ""autocorrelation_factor"": 2, ""nhead"": 2, ""ablation_mode"": ""no_sentiment""}",Trial 在 epoch 15 被剪枝: best_val_ccc_loss=0.614958
46,E:\2024liushaoxuan\learn\shiyan1\data\output_xsw\hpo\auto2_ablation_no_sentiment\m10_autoformer_optuna_ablation_no_sentiment_xsw_20260414_203058\trial_046,pruned,,,,,,,,,"{""LEARNING_RATE"": 0.001223931803629567, ""WEIGHT_DECAY"": 1.024691302461805e-06, ""BATCH_SIZE"": 32, ""PEAK_SIGMA"": 1.5, ""PEAK_PENALTY_WEIGHT"": 10.0, ""LOSS_WEIGHT_PEAK_MSE"": 0.05, ""TEMP_START"": 3.0, ""MAX_GRAD_NORM"": 0.5, ""TEMP_END"": 1.5, ""NUM_EPOCHS"": 150, ""PATIENCE"": 20, ""SAVE_INTERVAL"": 999999, ""SAVE_DIR"": ""E:\\2024liushaoxuan\\learn\\shiyan1\\data\\output_xsw\\hpo\\auto2_ablation_no_sentiment\\m10_autoformer_optuna_ablation_no_sentiment_xsw_20260414_203058\\trial_046"", ""RUN_NAME"": ""autoformer_optuna_trial_046"", ""EXPERIMENT_LOG_CSV"": ""E:\\2024liushaoxuan\\learn\\shiyan1\\data\\output_xsw\\hpo\\auto2_ablation_no_sentiment\\m10_autoformer_optuna_ablation_no_sentiment_xsw_20260414_203058\\optuna_experiment_results.csv""}","{""dropout"": 0.2, ""d_model"": 64, ""dim_feedforward"": 512, ""activation"": ""relu"", ""num_encoder_layers"": 2, ""num_decoder_layers"": 2, ""moving_avg_kernel"": 13, ""autocorrelation_factor"": 1, ""nhead"": 4, ""ablation_mode"": ""no_sentiment""}",Trial 在 epoch 15 被剪枝: best_val_ccc_loss=0.227887
48,E:\2024liushaoxuan\learn\shiyan1\data\output_xsw\hpo\auto2_ablation_no_sentiment\m10_autoformer_optuna_ablation_no_sentiment_xsw_20260414_203058\trial_048,pruned,,,,,,,,,"{""LEARNING_RATE"": 0.0005623047069958278, ""WEIGHT_DECAY"": 1.7687386251885446e-06, ""BATCH_SIZE"": 64, ""PEAK_SIGMA"": 1.0, ""PEAK_PENALTY_WEIGHT"": 0.6, ""LOSS_WEIGHT_PEAK_MSE"": 0.6, ""TEMP_START"": 1.0, ""MAX_GRAD_NORM"": 0.5, ""TEMP_END"": 0.5, ""NUM_EPOCHS"": 150, ""PATIENCE"": 20, ""SAVE_INTERVAL"": 999999, ""SAVE_DIR"": ""E:\\2024liushaoxuan\\learn\\shiyan1\\data\\output_xsw\\hpo\\auto2_ablation_no_sentiment\\m10_autoformer_optuna_ablation_no_sentiment_xsw_20260414_203058\\trial_048"", ""RUN_NAME"": ""autoformer_optuna_trial_048"", ""EXPERIMENT_LOG_CSV"": ""E:\\2024liushaoxuan\\learn\\shiyan1\\data\\output_xsw\\hpo\\auto2_ablation_no_sentiment\\m10_autoformer_optuna_ablation_no_sentiment_xsw_20260414_203058\\optuna_experiment_results.csv""}","{""dropout"": 0.3, ""d_model"": 64, ""dim_feedforward"": 512, ""activation"": ""relu"", ""num_encoder_layers"": 3, ""num_decoder_layers"": 3, ""moving_avg_kernel"": 13, ""autocorrelation_factor"": 2, ""nhead"": 8, ""ablation_mode"": ""no_sentiment""}",Trial 在 epoch 15 被剪枝: best_val_ccc_loss=0.278110
